Estimate	Std. Error	df	t value	Pr(>|t|)
(Intercept)	53.2742592592594	12.0951974378097	14.0339780525694	4.40457954764123	0.000596178553411758
Genotype.L	-18.0880533541523	10.4852752471693	2.26270102865444	-1.72509094208428	0.211910808530737
Time.L	-14.0659252262031	3.62661162465923	43.9974792043054	-3.87853089384082	0.000347238659805975
Time.Q	0.44000093527774	3.62661162465923	43.9974792043054	0.121325628662839	0.90398554442055
Condition.L	-0.165054303297958	16.9446811574899	43.9974790989393	-0.00974077362470763	0.992272144785554
Condition.Q	24.5170381607469	16.94468115749	43.9974790766981	1.44688695720366	0.155016159552973
