Estimate	Std. Error	df	t value	Pr(>|t|)
(Intercept)	66.8124074074075	9.23141377691171	47.6366143203122	7.23750543762963	3.31688759366984e-09
Genotype.L	1.057779366375	4.12075221603123	3.88398451012325	0.256695697998985	0.810435128688583
Time.L	-17.329223021379	3.74256068987515	43.9988868339498	-4.63031182587372	3.23493023095492e-05
Time.Q	-5.22399048569674	3.74256068987515	43.9988868339498	-1.39583320581263	0.169768907230633
Condition.L	1.92489564673413	15.6266715329625	43.9988866670736	0.123180143812059	0.902525421018788
Condition.Q	28.1250822415967	15.6266715329626	43.9988867062063	1.79981272289945	0.0787494491374615
