Estimate	Std. Error	df	t value	Pr(>|t|)
(Intercept)	61.7519444444446	7.92618879438529	30.6349668211953	7.79087478816907	9.34921429190358e-09
Genotype.L	0.855992042336393	3.42399900342262	3.96727377309853	0.249997748679467	0.815000165804841
Time.L	-13.1887199804311	2.79590053249622	26.9998827520795	-4.71716351391657	6.5137654178254e-05
Condition.L	2.88741767667855	13.5134503601662	26.9998750010353	0.21366990662798	0.832409808316476
Condition.Q	42.1882234730411	13.5134503601662	26.9998752755152	3.12194312693078	0.00425213522364727
