Estimate	Std. Error	df	t value	Pr(>|t|)
(Intercept)	53.2742592592597	12.0951974356863	14.0339780066143	4.40457954841454	0.000596178557006874
Genotype.L	-18.088053354152	10.4852752464946	2.26270102571415	-1.72509094219527	0.211910808658849
Time.L	-14.0659252262031	3.62661162468109	43.9974792039974	-3.87853089381744	0.000347238659833195
Time.Q	0.44000093527774	3.62661162468109	43.9974792039974	0.121325628662107	0.903985544421129
Condition.L	-0.165054302464264	16.9446811535737	43.9974790790459	-0.00974077357775798	0.99227214482282
Condition.Q	24.5170381618918	16.9446811535737	43.9974790692899	1.44688695760563	0.155016159442096
