npar	AIC	BIC	logLik	deviance	Chisq	Df	Pr(>Chisq)
reduced_model	11	316.487510102366	333.906218425383	-147.243755051183	294.487510102366	NA	NA	NA
full_model	12	315.228499065735	334.230726327209	-145.614249532868	291.228499065735	3.25901103663085	1	0.0710319538070333
