npar	AIC	BIC	logLik	deviance	Chisq	Df	Pr(>Chisq)
intermediate_model	13	478.646148277563	504.502940882898	-226.323074138781	452.646148277563	NA	NA	NA
full_model	15	480.64566963387	510.480430332334	-225.322834816935	450.64566963387	2.00047864369225	2	0.367791410118727
