npar	AIC	BIC	logLik	deviance	Chisq	Df	Pr(>Chisq)
reduced_model	12	472.937267965299	496.80507652407	-224.468633982649	448.937267965299	NA	NA	NA
intermediate_model	13	474.83923357393	500.696026179265	-224.419616786965	448.83923357393	0.0980343913693673	1	0.754201314711343
