npar	AIC	BIC	logLik	deviance	Chisq	Df	Pr(>Chisq)
intermediate_model	13	474.839233573929	500.696026179264	-224.419616786964	448.839233573929	NA	NA	NA
full_model	15	478.606819486682	508.441580185146	-224.303409743341	448.606819486682	0.232414087247093	2	0.890290875165274
