npar	AIC	BIC	logLik	deviance	Chisq	Df	Pr(>Chisq)
reduced_model	11	299.150508447283	316.5692167703	-138.575254223641	277.150508447283	NA	NA	NA
full_model	12	301.082329323363	320.084556584836	-138.541164661681	277.082329323363	0.0681791239200606	1	0.794006658649618
