npar	AIC	BIC	logLik	deviance	Chisq	Df	Pr(>Chisq)
intermediate_model	13	474.83923357393	500.696026179265	-224.419616786965	448.83923357393	NA	NA	NA
full_model	15	478.606819486681	508.441580185146	-224.303409743341	448.606819486681	0.232414087248173	2	0.890290875164793
