npar	AIC	BIC	logLik	deviance	Chisq	Df	Pr(>Chisq)
intermediate_model	13	478.646148277563	504.502940882898	-226.323074138781	452.646148277563	NA	NA	NA
full_model	15	480.645669633871	510.480430332335	-225.322834816935	450.645669633871	2.00047864369174	2	0.367791410118821
