npar	AIC	BIC	logLik	deviance	Chisq	Df	Pr(>Chisq)
reduced_model	12	472.937267965299	496.80507652407	-224.468633982649	448.937267965299	NA	NA	NA
intermediate_model	13	474.839233573929	500.696026179264	-224.419616786964	448.839233573929	0.0980343913703337	1	0.75420131471017
