npar	AIC	BIC	logLik	deviance	Chisq	Df	Pr(>Chisq)
reduced_model	12	479.449049420315	503.316857979086	-227.724524710158	455.449049420315	NA	NA	NA
intermediate_model	13	478.646148277563	504.502940882898	-226.323074138781	452.646148277563	2.80290114275243	1	0.0940939104077657
