npar	AIC	BIC	logLik	deviance	Chisq	Df	Pr(>Chisq)
reduced_model	11	299.150508447285	316.569216770303	-138.575254223643	277.150508447285	NA	NA	NA
intermediate_model	12	301.082329323363	320.084556584836	-138.541164661681	277.082329323363	0.0681791239226754	1	0.794006658645757
