"Estimate"	"Std. Error"	"df"	"t value"	"Pr(>|t|)"
"(Intercept)"	27.7955555555556	17.623094449972	2.0562126156271	1.5772233210496	0.252133385666477
"Genotype.L"	11.6421203151359	5.38531966179815	3.71035203772914	2.16182530402449	0.102028832603657
"Time.L"	14.1664915239718	3.88454439154765	29.000146138249	3.64688624869279	0.00103385093803273
