Estimate	Std. Error	df	t value	Pr(>|t|)
(Intercept)	5938.18518518516	7971.94929684974	47.9072076056916	0.744884966532808	0.459979999881215
Genotype.L	2195.19990762361	2610.85331718881	47.9999996179388	0.840797869865496	0.404630247640631
Time.L	10483.722272712	3197.6292099781	47.9999999968208	3.27859222701553	0.00194488378423557
Time.Q	5595.67787370352	3197.6292099781	47.9999999968208	1.74994582118601	0.0865183157363129
Condition.L	91.2559238747807	13807.8212174051	47.9072075439675	0.00660900242246402	0.994754262217473
Condition.Q	-12404.647668009	13807.8212174051	47.9072075439532	-0.898378351855582	0.373477017512356
