Estimate	Std. Error	df	t value	Pr(>|t|)
(Intercept)	6878.45370370368	7746.87122853524	47.4912169523053	0.887900870014105	0.379069007933629
Genotype.L	3524.94039878496	3035.76380740709	1.99981752266152	1.16113789557155	0.365445292428315
Time.L	11824.1413857263	3298.47942309608	45.9987683711168	3.58472491989284	0.000812566914033664
Time.Q	5909.5414274582	3298.47942309608	45.9987683711168	1.79159566255874	0.0797777587796683
Condition.L	188.308632776521	13196.0162508913	28.8787750722603	0.014270112221467	0.98871261557349
Condition.Q	-10528.5180964349	13196.0162508914	28.8787751565895	-0.797855799527658	0.431466276798037
