Estimate	Std. Error	df	t value	Pr(>|t|)
(Intercept)	6878.45370370369	7746.87122818767	45.0429135739958	0.887900870053942	0.379310986076301
Genotype.L	3524.94039878496	3035.76380653501	1.9998175459371	1.16113789590512	0.365445291134021
Time.L	11824.1413857263	3298.47942313729	45.9987683958147	3.58472491984805	0.00081256691381529
Time.Q	5909.5414274582	3298.47942313729	45.9987683958147	1.79159566253636	0.0797777587797717
Condition.L	188.308634173631	13196.0162542493	27.8450864408353	0.0142701123237093	0.988716240554245
Condition.Q	-10528.5181259011	13196.0162542493	27.845086177402	-0.797855801557592	0.431706139061856
