Estimate	Std. Error	df	t value	Pr(>|t|)
(Intercept)	5938.18518518514	6490.5307474941	50.2915784645101	0.914899784964085	0.364610187079632
Genotype.L	2195.19990762361	2610.8533569477	47.9998454553182	0.840797857061562	0.404630268071577
Time.L	10483.722272712	3197.62920831495	47.9999998033505	3.27859222872079	0.00194488377894493
Time.Q	5595.67787370352	3197.62920831495	47.9999998033505	1.7499458220962	0.0865183156033036
Condition.L	91.2510356861152	11241.9289187122	50.2914608474778	0.00811702656598616	0.993555734579254
Condition.Q	-12406.3196709513	11241.9289187122	50.29146064184	-1.10357570846236	0.275029854201195
