npar	AIC	BIC	logLik	deviance	Chisq	Df	Pr(>Chisq)
reduced_model	12	1204.04222271051	1227.91003126928	-590.021111355253	1180.04222271051	NA	NA	NA
intermediate_model	13	1204.50211471201	1230.35890731735	-589.251057356007	1178.50211471201	1.54010799849107	1	0.214601730518528
