npar	AIC	BIC	logLik	deviance	Chisq	Df	Pr(>Chisq)
intermediate_model	13	1200.54296635841	1226.39975896374	-587.271483179203	1174.54296635841	NA	NA	NA
full_model	15	1203.18596800093	1233.0207286994	-586.592984000467	1173.18596800093	1.35699835747187	2	0.507377904774404
