npar	AIC	BIC	logLik	deviance	Chisq	Df	Pr(>Chisq)
reduced_model	11	815.670087506886	833.088795829904	-396.835043753443	793.670087506886	NA	NA	NA
full_model	12	816.179948737442	835.182175998915	-396.089974368721	792.179948737442	1.49013876944434	1	0.222194930231628
