npar	AIC	BIC	logLik	deviance	Chisq	Df	Pr(>Chisq)
reduced_model	11	814.105180297128	831.523888620145	-396.052590148564	792.105180297128	NA	NA	NA
intermediate_model	12	815.186784530186	834.189011791659	-395.593392265093	791.186784530186	0.918395766942353	1	0.337896544319887
