npar	AIC	BIC	logLik	deviance	Chisq	Df	Pr(>Chisq)
intermediate_model	13	1204.50211471201	1230.35890731735	-589.251057356007	1178.50211471201	NA	NA	NA
full_model	15	1206.05970408127	1235.89446477973	-588.029852040634	1176.05970408127	2.44241063074696	2	0.294874535831971
