npar	AIC	BIC	logLik	deviance	Chisq	Df	Pr(>Chisq)
reduced_model	12	1199.33247529615	1223.20028385492	-587.666237648075	1175.33247529615	NA	NA	NA
intermediate_model	13	1200.54296635841	1226.39975896374	-587.271483179203	1174.54296635841	0.789508937743904	1	0.374248653240902
