Estimate	Std. Error	df	t value	Pr(>|t|)
(Intercept)	20.3784259259258	15.9673338060531	47.6281997805262	1.27625727459899	0.208053092323814
Genotype.L	9.28208596007563	4.32016643259701	4.59234905048403	2.14854823416972	0.089279830258405
Time.L	22.8173537361382	4.38858113496564	45.9999640961994	5.19925530243543	4.49098048275126e-06
Time.Q	3.18445006792104	4.38858113496564	45.9999640961994	0.72562178298339	0.471746377857965
Condition.L	4.70519755780146	27.4978384758684	45.9999062494228	0.171111542528358	0.864886541678722
Condition.Q	-28.1798800433454	27.4978384758685	45.9999060175092	-1.02480346111843	0.310815128539615
