Estimate	Std. Error	df	t value	Pr(>|t|)
(Intercept)	27.7955555555556	10.6796554801422	30.9744028598454	2.60266406601211	0.014067803402648
Genotype.L	11.6421203151358	4.90424641623575	4.27381231201525	2.3738856751965	0.0723586315566148
Time.L	14.1664915239718	3.9303762547186	29.0000086137837	3.60436014413742	0.00115739926031406
Condition.L	7.06305793910477	18.1455079809658	29.0000009699132	0.389245533743875	0.699938199179453
Condition.Q	-42.2728936906977	18.1455079809658	29.0000009875336	-2.32966162948102	0.026992575896916
