Estimate	Std. Error	df	t value	Pr(>|t|)
(Intercept)	20.8061111111111	10.8060838259799	30.9999999868359	1.92540715454097	0.0633948332523668
Genotype.L	1.75755318834923	4.21038599159856	30.9999854990519	0.417432794013724	0.67923887332299
Time.L	16.6625784615603	4.21038595960206	30.9999999988419	3.95749430608855	0.000411061967954071
Condition.L	1.87387596194093	18.7166860995288	30.9999880437991	0.100117934979318	0.920895383849371
Condition.Q	-40.6832317841826	18.716686099529	30.9999884961431	-2.17363434786709	0.0374905351367072
