Estimate	Std. Error	df	t value	Pr(>|t|)
(Intercept)	14.8282407407406	12.1411073992696	47.9999994074289	1.22132522620075	0.227927839508506
Genotype.L	1.43293879750452	3.57472765084697	47.9999927848939	0.400852578843315	0.690307467299379
Time.L	21.0122672586092	4.37812935002026	47.9999999993835	4.79937105067762	1.59088282705906e-05
Time.Q	7.10885016230783	4.37812935002026	47.9999999993835	1.6237186236343	0.110985815130468
Condition.L	1.24924067229043	21.0290148438281	47.999990544724	0.0594055728034768	0.952875715468785
Condition.Q	-27.122013254615	21.029014843828	47.9999927535229	-1.28974245612724	0.203319837300089
