npar	AIC	BIC	logLik	deviance	Chisq	Df	Pr(>Chisq)
reduced_model	12	486.620745599489	510.488554158261	-231.310372799745	462.620745599489	NA	NA	NA
intermediate_model	13	488.440279352583	514.297071957918	-231.220139676291	462.440279352583	0.180466246906803	1	0.670972861161439
