npar	AIC	BIC	logLik	deviance	Chisq	Df	Pr(>Chisq)
reduced_model	12	492.636423762203	516.504232320975	-234.318211881102	468.636423762203	NA	NA	NA
intermediate_model	13	490.516201769608	516.372994374943	-232.258100884804	464.516201769608	4.12022199259593	1	0.042373517729113
