npar	AIC	BIC	logLik	deviance	Chisq	Df	Pr(>Chisq)
intermediate_model	13	490.516201769608	516.372994374943	-232.258100884804	464.516201769608	NA	NA	NA
full_model	15	493.523598454495	523.358359152959	-231.761799227247	463.523598454495	0.992603315112888	2	0.608777970896424
