npar	AIC	BIC	logLik	deviance	Chisq	Df	Pr(>Chisq)
reduced_model	11	328.129995111943	345.54870343496	-153.064997555971	306.129995111943	NA	NA	NA
full_model	12	325.531123961775	344.533351223248	-150.765561980887	301.531123961775	4.59887115016772	1	0.0319930152498041
