npar	AIC	BIC	logLik	deviance	Chisq	Df	Pr(>Chisq)
reduced_model	11	326.539514728557	343.958223051574	-152.269757364278	304.539514728557	NA	NA	NA
full_model	12	328.337726320802	347.339953582275	-152.168863160401	304.337726320802	0.201788407754862	1	0.653281150944309
