npar	AIC	BIC	logLik	deviance	Chisq	Df	Pr(>Chisq)
intermediate_model	13	488.440279352583	514.297071957918	-231.220139676291	462.440279352583	NA	NA	NA
full_model	15	492.211516042343	522.046276740807	-231.105758021171	462.211516042343	0.22876331024014	2	0.891917486040285
