npar	AIC	BIC	logLik	deviance	Chisq	Df	Pr(>Chisq)
reduced_model	12	492.636423762203	516.504232320974	-234.318211881101	468.636423762203	NA	NA	NA
intermediate_model	13	490.516201769608	516.372994374943	-232.258100884804	464.516201769608	4.12022199259502	1	0.0423735177291358
