npar	AIC	BIC	logLik	deviance	Chisq	Df	Pr(>Chisq)
reduced_model	11	328.129898763285	345.548607086303	-153.064949381643	306.129898763285	NA	NA	NA
intermediate_model	12	325.531123961775	344.533351223248	-150.765561980887	301.531123961775	4.59877480151084	1	0.0319948133366492
