Estimate	Std. Error	df	t value	Pr(>|t|)
(Intercept)	12.6325	6.15711425740665	10.1030580172847	2.05169166461445	0.067033018690779
Genotype.L	9.28549054828135	6.88237219806192	3.43802780288883	1.34917006535859	0.259270114080375
Time.L	2.66932809897922	1.90817970991973	26.9993070871693	1.39888716199142	0.173230046422397
Condition.L	1.7325472360972	8.23824090160305	26.7173936733353	0.210305483511664	0.83502489173707
Condition.Q	-18.8851236462807	8.23824090160309	26.7173936681115	-2.29237331996517	0.0299925280775711
