Estimate	Std. Error	df	t value	Pr(>|t|)
(Intercept)	4.43972222222218	6.29416809571079	47.9999981906312	0.705370774137359	0.483988703988105
Genotype.L	0.386158869947986	1.41885918040471	47.9999917014658	0.272161519114138	0.786665146541827
Time.L	6.98601857957276	1.73774050105723	47.999999992343	4.02017365384678	0.000204519548605579
Time.Q	2.42329381081175	1.73774050105723	47.999999992343	1.39450844895278	0.169585123380239
Condition.L	0.0801022469155039	10.901818922162	47.9999950483066	0.00734760387119128	0.994167966371439
Condition.Q	-9.53820680123719	10.9018189221619	47.9999950897158	-0.874918843299378	0.385975031756422
