Estimate	Std. Error	df	t value	Pr(>|t|)
(Intercept)	9.3427777777778	8.37623070876342	35.8675240100241	1.11539164841808	0.272100242494011
Genotype.L	7.32012653368342	5.23644354051423	2.91380475322357	1.39791949957023	0.259082323744226
Time.L	8.31321872414986	2.29236306360248	43.9999348061129	3.62648432796047	0.000742608366099823
Time.Q	-1.71736447521798	2.29236306360248	43.9999348061129	-0.749167748549883	0.457742780108285
Condition.L	-2.06883952413263	9.14821771700312	1.91093783415183	-0.226146730230024	0.842957836503935
Condition.Q	-0.12728946960621	9.14821771700321	1.9109378339579	-0.0139141277070423	0.990213524717886
