Estimate	Std. Error	df	t value	Pr(>|t|)
(Intercept)	4.43972222222222	2.50880647760598	47.9999998153643	1.76965511762342	0.083136828573409
Genotype.L	0.386158869947986	1.41885918040472	47.9999910456228	0.272161519114136	0.786665146557731
Time.L	6.98601857957276	1.73774050105722	47.9999999914603	4.02017365384678	0.000204519548609498
Time.Q	2.42329381081175	1.73774050105722	47.9999999914603	1.39450844895279	0.169585123380357
Condition.L	0.0801252531958547	4.34538028123872	47.9999965322662	0.0184391809254986	0.985364930885859
Condition.Q	-9.53810228959462	4.34538028123873	47.9999965306736	-2.19499829066183	0.0330329155522141
