npar	AIC	BIC	logLik	deviance	Chisq	Df	Pr(>Chisq)
reduced_model	11	264.852629987952	282.271338310969	-121.426314993976	242.852629987952	NA	NA	NA
full_model	12	266.764811368581	285.767038630054	-121.38240568429	242.764811368581	0.0878186193713759	1	0.766968864729739
