npar	AIC	BIC	logLik	deviance	Chisq	Df	Pr(>Chisq)
reduced_model	12	428.115202912967	451.983011471739	-202.057601456484	404.115202912967	NA	NA	NA
intermediate_model	13	427.965101065578	453.821893670914	-200.982550532789	401.965101065578	2.15010184738935	1	0.142560432481132
