npar	AIC	BIC	logLik	deviance	Chisq	Df	Pr(>Chisq)
reduced_model	11	264.852629987953	282.27133831097	-121.426314993977	242.852629987953	NA	NA	NA
intermediate_model	12	266.764811368581	285.767038630054	-121.382405684291	242.764811368581	0.0878186193719444	1	0.766968864729007
