npar	AIC	BIC	logLik	deviance	Chisq	Df	Pr(>Chisq)
reduced_model	11	283.919004039251	301.337712362268	-130.959502019626	261.919004039251	NA	NA	NA
full_model	12	283.85336764906	302.855594910534	-129.92668382453	259.85336764906	2.06563639019083	1	0.15065202707553
