npar	AIC	BIC	logLik	deviance	Chisq	Df	Pr(>Chisq)
reduced_model	12	428.115202912967	451.983011471738	-202.057601456483	404.115202912967	NA	NA	NA
intermediate_model	13	427.965101065576	453.821893670911	-200.982550532788	401.965101065576	2.15010184739128	1	0.142560432480952
