npar	AIC	BIC	logLik	deviance	Chisq	Df	Pr(>Chisq)
intermediate_model	13	427.965101065578	453.821893670914	-200.982550532789	401.965101065578	NA	NA	NA
full_model	15	428.622368725985	458.457129424449	-199.311184362993	398.622368725985	3.342732339593	2	0.187990063777455
