npar	AIC	BIC	logLik	deviance	Chisq	Df	Pr(>Chisq)
reduced_model	12	386.727675569426	410.595484128198	-181.363837784713	362.727675569426	NA	NA	NA
intermediate_model	13	388.644408920617	414.501201525952	-181.322204460308	362.644408920617	0.0832666488097971	1	0.772918407345597
