npar	AIC	BIC	logLik	deviance	Chisq	Df	Pr(>Chisq)
reduced_model	11	283.919004039251	301.337712362268	-130.959502019626	261.919004039251	NA	NA	NA
intermediate_model	12	283.853367649061	302.855594910534	-129.926683824531	259.853367649061	2.06563639019004	1	0.150652027075608
