npar	AIC	BIC	logLik	deviance	Chisq	Df	Pr(>Chisq)
intermediate_model	13	388.644408920617	414.501201525952	-181.322204460308	362.644408920617	NA	NA	NA
full_model	15	392.282044260531	422.116804958995	-181.141022130265	362.282044260531	0.362364660085973	2	0.834283229930213
