npar	AIC	BIC	logLik	deviance	Chisq	Df	Pr(>Chisq)
intermediate_model	13	427.965101065576	453.821893670911	-200.982550532788	401.965101065576	NA	NA	NA
full_model	15	428.622368725983	458.457129424447	-199.311184362992	398.622368725983	3.34273233959237	2	0.187990063777513
