Estimate	Std. Error	df	t value	Pr(>|t|)
(Intercept)	10.3885185185184	6.79144896715868	47.9933058096891	1.5296468498481	0.132669215934651
Genotype.L	1.04677992755653	2.61843690380085	6.91037604554602	0.399772828605131	0.701391974248718
Time.L	14.0262486790365	3.11287845711637	45.9994095688164	4.50587739684183	4.51642227040696e-05
Time.Q	4.68555635149608	3.11287845711637	45.9994095688164	1.50521660772987	0.139104709658333
Condition.L	1.16912357127192	11.7378461151401	45.9994038444266	0.099602904979639	0.921092411533188
Condition.Q	-17.5837886273974	11.7378461151401	45.9994036101695	-1.49804218379699	0.140953790759283
