Estimate	Std. Error	df	t value	Pr(>|t|)
(Intercept)	15.1630555555554	10.3411080180953	30.4370233463883	1.46628925343614	0.152825790487066
Genotype.L	2.3566297668545	3.58580791658648	7.05045573755427	0.657210263816334	0.531906210175206
Time.L	11.4971634249926	3.52312353829754	29.0003133382556	3.26334381977088	0.00282111905594958
Condition.L	4.9204099299804	17.8926553806446	29.000309838832	0.274996071030523	0.785269013906335
Condition.Q	-21.8074521130167	17.8926553806446	29.0003100285052	-1.21879350208728	0.232744375876524
