Estimate	Std. Error	df	t value	Pr(>|t|)
(Intercept)	11.0356481481481	8.15949661086045	47.9999995823941	1.35249129627181	0.18255570876648
Genotype.L	1.96195942639223	2.63274517850614	47.9999793676664	0.745214327011122	0.459775751736807
Time.L	14.5041350119884	3.22444114420699	47.9999999671005	4.49818568964933	4.34685330734794e-05
Time.Q	4.90181454313902	3.22444114420699	47.9999999671005	1.52020592838098	0.135019656469612
Condition.L	3.28017443591353	14.132662680898	47.9999906278441	0.23209882737434	0.817447977681892
Condition.Q	-14.5384142046031	14.1326626808981	47.9999906603981	-1.02871019657558	0.308771933367297
