Estimate	Std. Error	df	t value	Pr(>|t|)
(Intercept)	14.3911111111112	12.0870566926962	30.0934013712047	1.1906216274974	0.243109544010529
Genotype.L	1.2649354641226	3.36274501204977	6.01245949038568	0.3761615762093	0.719712803230434
Time.L	11.0709351707774	3.13532393673399	28.9997805386595	3.53103391999417	0.00140489732471998
Condition.L	1.75348459683689	20.8823877630368	28.9997743484006	0.0839695448975752	0.933657628635366
Condition.Q	-26.3752792895454	20.8823877630367	28.9997737917997	-1.2630394372923	0.216636134452434
