npar	AIC	BIC	logLik	deviance	Chisq	Df	Pr(>Chisq)
reduced_model	11	305.987166968107	323.405875291124	-141.993583484053	283.987166968107	NA	NA	NA
intermediate_model	12	307.802217704574	326.804444966047	-141.901108852287	283.802217704574	0.184949263532587	1	0.667153975137811
