npar	AIC	BIC	logLik	deviance	Chisq	Df	Pr(>Chisq)
reduced_model	11	314.18676907258	331.605477395597	-146.09338453629	292.18676907258	NA	NA	NA
full_model	12	315.673246591827	334.6754738533	-145.836623295913	291.673246591827	0.513522480753011	1	0.473617964079459
