npar	AIC	BIC	logLik	deviance	Chisq	Df	Pr(>Chisq)
reduced_model	11	305.986859331395	323.405567654412	-141.993429665697	283.986859331395	NA	NA	NA
full_model	12	307.802217704576	326.804444966049	-141.901108852288	283.802217704576	0.184641626819428	1	0.667414275527805
