npar	AIC	BIC	logLik	deviance	Chisq	Df	Pr(>Chisq)
reduced_model	12	450.069147177923	473.936955736695	-213.034573588962	426.069147177923	NA	NA	NA
intermediate_model	13	451.879627748653	477.736420353989	-212.939813874327	425.879627748653	0.189519429270092	1	0.66331689362827
