npar	AIC	BIC	logLik	deviance	Chisq	Df	Pr(>Chisq)
intermediate_model	13	455.407194434988	481.263987040324	-214.703597217494	429.407194434988	NA	NA	NA
full_model	15	459.159036640373	488.993797338837	-214.579518320186	429.159036640373	0.248157794615508	2	0.883310147340933
