npar	AIC	BIC	logLik	deviance	Chisq	Df	Pr(>Chisq)
reduced_model	12	454.028370368839	477.89617892761	-215.01418518442	430.028370368839	NA	NA	NA
intermediate_model	13	455.407194434988	481.263987040324	-214.703597217494	429.407194434988	0.621175933850623	1	0.430610637037738
