npar	AIC	BIC	logLik	deviance	Chisq	Df	Pr(>Chisq)
intermediate_model	13	451.879627748653	477.736420353989	-212.939813874327	425.879627748653	NA	NA	NA
full_model	15	455.764572762109	485.599333460573	-212.882286381055	425.764572762109	0.115054986543896	2	0.944095933743356
