Estimate	Std. Error	df	t value	Pr(>|t|)
(Intercept)	46509.1203703705	21699.3461307444	14.9393376371109	2.14334202008395	0.0489583537571538
Genotype.L	-21622.7361130335	21693.7261258437	4.0506889000575	-0.996727624733602	0.374651098361683
Time.L	2304.44135803192	6595.18053511837	41.9999829806062	0.349412930512077	0.728525248604524
Time.Q	-5482.89928346287	6595.18053511837	41.9999829806062	-0.831349385246884	0.410477896961335
Condition.L	19396.0846834088	27504.4975455648	0.0186887343358135	0.705196837400019	0.957290329169445
Condition.Q	22960.4259802664	27504.4975455645	0.0186887345892703	0.834788053925715	0.95432421568818
