Estimate	Std. Error	df	t value	Pr(>|t|)
(Intercept)	84476.2592592599	45450.8919908441	14.1660113359988	1.85862709308934	0.0839804404611296
Genotype.L	32070.9066281358	40698.1472981198	2.64600904915146	0.788018835187062	0.495153799960505
Time.L	-17166.509894286	12092.6193284768	43.999897958462	-1.41958573473497	0.162774733752172
Time.Q	-27041.5049028242	12092.6193284768	43.999897958462	-2.23619913670353	0.0304581484059578
Condition.L	24064.3119134032	62121.4405105104	36.6850036269465	0.387375304172667	0.70071679218994
Condition.Q	44380.5716677992	62121.4405105115	36.6850094995713	0.714416331995547	0.479491324015322
