Estimate	Std. Error	df	t value	Pr(>|t|)
(Intercept)	84476.2592592605	45450.8893764698	14.6975674177394	1.85862719999918	0.0832212727792687
Genotype.L	32070.9066281361	40698.14711317	2.64600906666104	0.788018838768162	0.495153797802617
Time.L	-17166.509894286	12092.6193377512	43.9998981660335	-1.41958573364621	0.162774734034468
Time.Q	-27041.5049028242	12092.6193377512	43.9998981660335	-2.23619913498848	0.0304581485019975
Condition.L	24064.3119951789	62121.4349557474	48.9686086865278	0.387375340127304	0.700156969499982
Condition.Q	44380.5706426825	62121.4349557479	48.9686066643614	0.714416379375282	0.478361666968486
