Estimate	Std. Error	df	t value	Pr(>|t|)
(Intercept)	46509.1203703707	21699.3461464504	14.9100944271897	2.1433420185326	0.0489926756196336
Genotype.L	-21622.7361130336	21693.7261214446	4.0506889100324	-0.996727624935725	0.37465109814669
Time.L	2304.44135803192	6595.1805352144	41.9999829134495	0.34941293050699	0.728525248611097
Time.Q	-5482.89928346287	6595.1805352144	41.9999829134495	-0.831349385234779	0.410477896975572
Condition.L	19396.0847451849	27504.4975850222	0.0186278684260079	0.705196838634392	0.95739743972289
Condition.Q	22960.4260386501	27504.4975850221	0.0186278694282464	0.834788054850836	0.954440487908144
