npar	AIC	BIC	logLik	deviance	Chisq	Df	Pr(>Chisq)
reduced_model	12	1357.63314217644	1381.50095073522	-666.816571088222	1333.63314217644	NA	NA	NA
intermediate_model	13	1358.79902788936	1384.6558204947	-666.399513944681	1332.79902788936	0.834114287083594	1	0.361085531623401
