npar	AIC	BIC	logLik	deviance	Chisq	Df	Pr(>Chisq)
intermediate_model	13	1358.79902788936	1384.6558204947	-666.39951394468	1332.79902788936	NA	NA	NA
full_model	15	1358.92058371837	1388.75534441683	-664.460291859183	1328.92058371837	3.87844417099404	2	0.14381578265694
