npar	AIC	BIC	logLik	deviance	Chisq	Df	Pr(>Chisq)
reduced_model	11	878.599352412647	896.018060735664	-428.299676206323	856.599352412647	NA	NA	NA
full_model	12	879.137366417976	898.139593679449	-427.568683208988	855.137366417976	1.46198599467095	1	0.226614392424526
