npar	AIC	BIC	logLik	deviance	Chisq	Df	Pr(>Chisq)
reduced_model	12	1294.81320506973	1318.68101362851	-635.406602534867	1270.81320506973	NA	NA	NA
intermediate_model	13	1295.49513592461	1321.35192852995	-634.747567962305	1269.49513592461	1.31806914512413	1	0.250938872944957
