npar	AIC	BIC	logLik	deviance	Chisq	Df	Pr(>Chisq)
reduced_model	12	1357.63314217644	1381.50095073521	-666.816571088222	1333.63314217644	NA	NA	NA
intermediate_model	13	1358.79902788936	1384.6558204947	-666.39951394468	1332.79902788936	0.834114287083821	1	0.361085531623336
