npar	AIC	BIC	logLik	deviance	Chisq	Df	Pr(>Chisq)
intermediate_model	13	1295.49513592461	1321.35192852995	-634.747567962305	1269.49513592461	NA	NA	NA
full_model	15	1297.65746139081	1327.49222208928	-633.828730695406	1267.65746139081	1.83767453379983	2	0.3989826818576
