npar	AIC	BIC	logLik	deviance	Chisq	Df	Pr(>Chisq)
reduced_model	11	918.874929099855	936.293637422872	-448.437464549927	896.874929099855	NA	NA	NA
full_model	12	920.189700961637	939.19192822311	-448.094850480818	896.189700961637	0.685228138218008	1	0.407792225911655
