npar	AIC	BIC	logLik	deviance	Chisq	Df	Pr(>Chisq)
reduced_model	11	918.874929099858	936.293637422875	-448.437464549929	896.874929099858	NA	NA	NA
intermediate_model	12	920.189700961641	939.191928223115	-448.094850480821	896.189700961641	0.685228138216189	1	0.407792225912278
