npar	AIC	BIC	logLik	deviance	Chisq	Df	Pr(>Chisq)
intermediate_model	13	1295.49513592461	1321.35192852995	-634.747567962305	1269.49513592461	NA	NA	NA
full_model	15	1297.65746139081	1327.49222208927	-633.828730695405	1267.65746139081	1.83767453380005	2	0.398982681857554
